Developed and Emerging,Europe (all),Europe (Developed),Europe Emerging
ARGENTINA,AUSTRIA,AUSTRIA,CZECH
AUSTRALIA,BELGIUM,BELGIUM,GREECE
AUSTRIA,BRITAIN,BRITAIN,HUNGARY
BELGIUM,CZECH,DENMARK,POLAND
BERMUDA,DENMARK,FINLAND,ROMANIA
BRAZIL,FINLAND,FRANCE,RUSSIA
BRITAIN,FRANCE,GERMANY,TURKEY
CANADA,GERMANY,IRELAND,
CHILE,GREECE,ISLE OF MAN,
CHINA,HUNGARY,ITALY,
COLOMBIA,IRELAND,JERSEY,
CZECH,ISLE OF MAN,LUXEMBOURG,
DENMARK,ITALY,NETHERLANDS,
EGYPT,JERSEY,NORWAY,
FINLAND,LUXEMBOURG,PORTUGAL,
FRANCE,NETHERLANDS,SPAIN,
GERMANY,NORWAY,SWEDEN,
GREECE,POLAND,SWITZERLAND,
HONG KONG,PORTUGAL,,
HUNGARY,ROMANIA,,
INDIA,RUSSIA,,
INDONESIA,SPAIN,,
IRELAND,SWEDEN,,
ISLE OF MAN,SWITZERLAND,,
ISRAEL,TURKEY,,
ITALY,,,
JAPAN,,,
JERSEY,,,
LUXEMBOURG,,,
MACAU,,,
MALAYSIA,,,
MEXICO,,,
NETHERLANDS,,,
NEW ZEALAND,,,
NORWAY,,,
PAKISTAN,,,
PERU,,,
PHILIPPINES,,,
POLAND,,,
PORTUGAL,,,
QATAR,,,
ROMANIA,,,
RUSSIA,,,
SINGAPORE,,,
SOUTH AFRICA,,,
SOUTH KOREA,,,
SPAIN,,,
SWEDEN,,,
SWITZERLAND,,,
TAIWAN,,,
THAILAND,,,
TURKEY,,,
UAE,,,
UNITED STATES,,,
